INSERT INTO USER (name,login,password,email) VALUES ('Mike','mike','1111','a@mail.ru');
INSERT INTO USER (name,login,password,email) VALUES ('Tom','tom','1111','a@mail.ru');
INSERT INTO USER (name,login,password,email) VALUES ('Kim','kim','1111','a@mail.ru');
INSERT INTO USER (name,login,password,email) VALUES ('Jon','jon','1111','a@mail.ru');
INSERT INTO USER (name,login,password,email) VALUES ('Nik','nik','1111','a@mail.ru');
INSERT INTO USER (name,login,password,email) VALUES ('Isaak','isaak','1111','a@mail.ru');

INSERT INTO REQUEST (id,groupe,pairs,subject,date) VALUES (1,'e1','2','math', '2021-11-22');
INSERT INTO REQUEST (id,groupe,pairs,subject,date) VALUES (1,'e2','2','math', '2021-11-22');
INSERT INTO REQUEST (id,groupe,pairs,subject,date) VALUES (1,'e3','2','math', '2021-11-22');
INSERT INTO REQUEST (id,groupe,pairs,subject,date) VALUES (1,'e4','2','math', '2021-11-22');
INSERT INTO REQUEST (id,groupe,pairs,subject,date) VALUES (1,'e5','2','math', '2021-11-22');
INSERT INTO REQUEST (id,groupe,pairs,subject,date) VALUES (1,'e6','2','math', '2021-11-22');
INSERT INTO REQUEST (id,groupe,pairs,subject,date) VALUES (1,'e7','2','math', '2021-11-22');
INSERT INTO REQUEST (id,groupe,pairs,subject,date) VALUES (1,'e8','2','math', '2021-11-22');

INSERT INTO REQUEST (id,groupe,pairs,subject,date) VALUES (2,'e1','2','gym', '2021-11-22');
INSERT INTO REQUEST (id,groupe,pairs,subject,date) VALUES (2,'e2','2','gym', '2021-11-22');
INSERT INTO REQUEST (id,groupe,pairs,subject,date) VALUES (2,'e3','2','gym', '2021-11-22');
INSERT INTO REQUEST (id,groupe,pairs,subject,date) VALUES (2,'e4','2','gym', '2021-11-22');
INSERT INTO REQUEST (id,groupe,pairs,subject,date) VALUES (2,'e5','2','gym', '2021-11-22');
INSERT INTO REQUEST (id,groupe,pairs,subject,date) VALUES (2,'e6','2','gym', '2021-11-22');
INSERT INTO REQUEST (id,groupe,pairs,subject,date) VALUES (2,'e7','2','gym', '2021-11-22');
INSERT INTO REQUEST (id,groupe,pairs,subject,date) VALUES (2,'e8','2','gym', '2021-11-22');

INSERT INTO REQUEST (id,groupe,pairs,subject,date) VALUES (3,'e1','2','history', '2021-11-22');
INSERT INTO REQUEST (id,groupe,pairs,subject,date) VALUES (3,'e2','2','history', '2021-11-22');
INSERT INTO REQUEST (id,groupe,pairs,subject,date) VALUES (3,'e3','2','history', '2021-11-22');
INSERT INTO REQUEST (id,groupe,pairs,subject,date) VALUES (3,'e4','2','history', '2021-11-22');
INSERT INTO REQUEST (id,groupe,pairs,subject,date) VALUES (3,'e5','2','history', '2021-11-22');
INSERT INTO REQUEST (id,groupe,pairs,subject,date) VALUES (3,'e6','2','history', '2021-11-22');
INSERT INTO REQUEST (id,groupe,pairs,subject,date) VALUES (3,'e7','2','history', '2021-11-22');
INSERT INTO REQUEST (id,groupe,pairs,subject,date) VALUES (3,'e8','2','history', '2021-11-22');

INSERT INTO REQUEST (id,groupe,pairs,subject,date) VALUES (4,'e1','2','physics', '2021-11-22');
INSERT INTO REQUEST (id,groupe,pairs,subject,date) VALUES (4,'e2','2','physics', '2021-11-22');
INSERT INTO REQUEST (id,groupe,pairs,subject,date) VALUES (4,'e3','2','physics', '2021-11-22');
INSERT INTO REQUEST (id,groupe,pairs,subject,date) VALUES (4,'e4','2','physics', '2021-11-22');
INSERT INTO REQUEST (id,groupe,pairs,subject,date) VALUES (4,'e5','2','physics', '2021-11-22');
INSERT INTO REQUEST (id,groupe,pairs,subject,date) VALUES (4,'e6','2','physics', '2021-11-22');
INSERT INTO REQUEST (id,groupe,pairs,subject,date) VALUES (4,'e7','2','physics', '2021-11-22');
INSERT INTO REQUEST (id,groupe,pairs,subject,date) VALUES (4,'e8','2','physics', '2021-11-22');

INSERT INTO REQUEST (id,groupe,pairs,subject,date) VALUES (5,'e1','2','fizo', '2021-11-22');
INSERT INTO REQUEST (id,groupe,pairs,subject,date) VALUES (5,'e2','2','fizo', '2021-11-22');
INSERT INTO REQUEST (id,groupe,pairs,subject,date) VALUES (5,'e3','2','fizo', '2021-11-22');
INSERT INTO REQUEST (id,groupe,pairs,subject,date) VALUES (5,'e4','2','fizo', '2021-11-22');
INSERT INTO REQUEST (id,groupe,pairs,subject,date) VALUES (5,'e5','2','fizo', '2021-11-22');
INSERT INTO REQUEST (id,groupe,pairs,subject,date) VALUES (5,'e6','2','fizo', '2021-11-22');
INSERT INTO REQUEST (id,groupe,pairs,subject,date) VALUES (5,'e7','2','fizo', '2021-11-22');
INSERT INTO REQUEST (id,groupe,pairs,subject,date) VALUES (5,'e8','2','fizo', '2021-11-22');

INSERT INTO REQUEST (id,groupe,pairs,subject,date) VALUES (6,'e1','2','java', '2021-11-22');
INSERT INTO REQUEST (id,groupe,pairs,subject,date) VALUES (6,'e2','2','java', '2021-11-22');
INSERT INTO REQUEST (id,groupe,pairs,subject,date) VALUES (6,'e3','2','java', '2021-11-22');
INSERT INTO REQUEST (id,groupe,pairs,subject,date) VALUES (6,'e4','2','java', '2021-11-22');
INSERT INTO REQUEST (id,groupe,pairs,subject,date) VALUES (6,'e5','2','java', '2021-11-22');
INSERT INTO REQUEST (id,groupe,pairs,subject,date) VALUES (6,'e6','2','java', '2021-11-22');
INSERT INTO REQUEST (id,groupe,pairs,subject,date) VALUES (6,'e7','2','java', '2021-11-22');
INSERT INTO REQUEST (id,groupe,pairs,subject,date) VALUES (6,'e8','2','java', '2021-11-22');

INSERT INTO GROUPE (nameGroupe) VALUES ('e1');
INSERT INTO GROUPE (nameGroupe) VALUES ('e2');
INSERT INTO GROUPE (nameGroupe) VALUES ('e3');
INSERT INTO GROUPE (nameGroupe) VALUES ('e4');
INSERT INTO GROUPE (nameGroupe) VALUES ('e5');
INSERT INTO GROUPE (nameGroupe) VALUES ('e6');
INSERT INTO GROUPE (nameGroupe) VALUES ('e7');
INSERT INTO GROUPE (nameGroupe) VALUES ('e8');